chirps,temperature
20,88.60
16,71.60
19.7999992,93.30
18.3999996,84.30
17.1000004,80.60
15.5,75.20
14.6999998,69.70
17.1000004,82.00
15.3999996,69.40
16.2000008,83.30
15,79.60
17.2000008,82.60
16,80.60
17,83.50
14.3999996,76.30